{
  "val_r2": 0.9835767540410572,
  "val_mae": 0.03125706687569618,
  "train_mae": 0.013790595345199108,
  "baseline_mae": 0.3260887861251831,
  "val_mae_chips": 0.23593872785568237,
  "best_epoch": 59,
  "best_val_huber": 0.0029639792628586292,
  "epochs": 60,
  "n_examples": 66050,
  "n_states": 37,
  "n_val_states": 3,
  "n_train": 56728,
  "n_val": 9322,
  "target_std": 0.3970659375190735,
  "extra_dim": 20,
  "n_buckets": 19,
  "out_path": "nets/badugi_draw1.pt",
  "secs": 854.4
}