{"meta":{"source":"solver/strategies/razz3-uniform.json","uniform":true,"iters":2000000,"cap":2,"buckets":19},"table":{"-3LsH4":0.3069440459165836,"-3LsH3":0.949017274552726,"-3aLsH3":0.9496090635654397,"-3LsH2":0.9896770682952322,"-3aLsH1":0.9874929111339733,"-3LsH5":0.08172774234803577,"-3aLsH4":0.32154471544134333,"T1LsH4":0.35966573998070656,"P2LsH5":0.07437578254445595,"p2LsH3":0.7954842441412575,"-3aLsH2":0.9881133634930392,"p2LsH4":0.2740688865527878,"P2LsH4":0.18507628093655756,"T1LsH5":0.14305633022126601,"p2aLsH4":0.3525668858182823,"-3LsH1":0.9811801836149519,"P2aLsH4":0.283396618640236,"p2aLsH3":0.8375198733505217,"T1aLsH4":0.6213294411141931}}